<application>
  <component name="GitRememberedInputs">
    <option name="visitedUrls">
      <list>
        <UrlAndUserName>
          <option name="url" value="https://coding.jd.com/ept_order_mid/ept-order-admin.git" />
          <option name="userName" value="" />
        </UrlAndUserName>
        <UrlAndUserName>
          <option name="url" value="http://coding.jd.com" />
          <option name="userName" value="dinghaolun" />
        </UrlAndUserName>
        <UrlAndUserName>
          <option name="url" value="https://github.com/Misuaki/DBPool_Practice.git" />
          <option name="userName" value="" />
        </UrlAndUserName>
        <UrlAndUserName>
          <option name="url" value="http://git.jd.com" />
          <option name="userName" value="dinghaolun" />
        </UrlAndUserName>
        <UrlAndUserName>
          <option name="url" value="https://git.jd.com/jmq-public/jmq-examples.git" />
          <option name="userName" value="" />
        </UrlAndUserName>
        <UrlAndUserName>
          <option name="url" value="https://git.jd.com/saas-rd/bld-si-center.git" />
          <option name="userName" value="" />
        </UrlAndUserName>
        <UrlAndUserName>
          <option name="url" value="https://git.jd.com/rd-convenience/rd-convenience-pc-gateway.git" />
          <option name="userName" value="" />
        </UrlAndUserName>
      </list>
    </option>
    <option name="cloneParentDir" value="C:\Users\dinghaolun\IdeaProjects" />
  </component>
  <component name="VcsApplicationSettings">
    <option name="COMMIT_FROM_LOCAL_CHANGES" value="true" />
  </component>
</application>